user_id,country,age,gender,subscription_type,avg_listening_hours_per_week,total_songs_played,skip_rate,satisfaction_score,churned,join_date,join_year,age_group
U1403,Nepal,23,Female,Premium,11.5,510,0.05,2.0,0,2024-03-21,2024,21-30
U1165,Nepal,63,Male,Student,11.3,526,0.05,3.0,0,2023-10-08,2023,60+
U1474,USA,45,Female,Premium,2.0,476,0.3,3.0,0,2022-04-05,2022,41-50
U1478,Nigeria,16,Female,Family,12.1,529,0.2,5.0,1,2023-12-16,2023,0-20
U1609,Ghana,29,Male,Free,6.4,477,0.2,3.0,0,2022-03-28,2022,21-30
U1691,UK,16,Female,Student,11.0,548,0.3,3.0,0,2022-04-25,2022,0-20
U1262,Nigeria,59,Prefer Not To Say,Free,7.4,502,0.25,1.0,1,2022-06-27,2022,51-60
U1490,UK,57,Female,Premium,11.3,476,0.3,3.0,0,2022-12-01,2022,51-60
U1514,India,23,Female,Student,21.5,514,0.15,3.0,0,2022-02-12,2022,21-30
U1412,USA,41,Male,Premium,7.5,494,0.2,1.0,0,2022-10-24,2022,41-50
U1503,Nigeria,39,Male,Family,18.7,482,0.2,5.0,0,2022-01-31,2022,31-40
U1158,Kenya,64,Male,Student,7.6,440,0.1,5.0,0,2022-05-09,2022,60+
U1387,UK,49,Female,Free,11.2,508,0.1,5.0,1,2022-02-05,2022,41-50
U1120,Ghana,46,Male,Student,11.2,509,0.2,5.0,1,2023-02-15,2023,41-50
U1258,USA,59,Female,Premium,3.7,507,0.3,4.0,1,2022-10-31,2022,51-60
U1574,Ghana,38,Female,Family,1.5,458,0.05,1.0,1,2023-09-17,2023,31-40
U1149,Nigeria,50,Male,Free,11.8,527,0.05,2.0,0,2024-06-29,2024,41-50
U1508,UK,48,Female,Family,8.7,511,0.3,4.0,1,2022-09-18,2022,41-50
U1304,Nepal,18,Female,Family,9.5,454,0.1,1.0,0,2024-06-10,2024,0-20
U1107,South Africa,33,Prefer Not To Say,Premium,14.6,512,0.3,2.0,0,2023-03-02,2023,31-40
U1568,Nigeria,33,Prefer Not To Say,Premium,11.0,522,0.2,3.0,1,2024-04-18,2024,31-40
U1116,India,13,Male,Student,10.4,478,0.05,3.0,0,2022-01-23,2022,0-20
U1424,UK,26,Female,Student,9.5,498,0.1,3.0,0,2022-10-11,2022,21-30
U1038,UK,48,Male,Free,6.7,485,0.15,2.0,0,2023-02-21,2023,41-50
U1649,Kenya,16,Female,Family,4.5,482,0.1,1.0,0,2023-09-09,2023,0-20
U1347,Nepal,20,Male,Family,10.5,478,0.2,4.0,0,2022-09-28,2022,0-20
U1129,Kenya,24,Female,Family,7.8,486,0.3,3.0,0,2022-01-09,2022,21-30
U1161,India,36,Female,Free,9.2,481,0.1,3.0,0,2022-09-27,2022,31-40
U1432,Nigeria,52,Female,Free,8.0,496,0.25,1.0,0,2022-12-11,2022,51-60
U1097,USA,17,Male,Family,7.8,473,0.25,1.0,0,2023-09-22,2023,0-20
U1673,USA,20,Female,Student,15.2,517,0.1,1.0,0,2024-05-21,2024,0-20
U1561,Nigeria,58,Male,Premium,7.5,524,0.1,1.0,1,2023-05-18,2023,51-60
U1033,Brazil,24,Male,Student,10.9,500,0.05,2.0,0,2024-01-31,2024,21-30
U1150,Nigeria,62,Male,Premium,12.8,459,0.3,5.0,0,2022-09-25,2022,60+
U1452,Nepal,63,Male,Family,10.7,528,0.2,4.0,0,2022-09-29,2022,60+
U1382,UK,25,Other,Premium,9.0,442,0.2,5.0,0,2022-06-29,2022,21-30
U1340,UK,61,Other,Student,6.9,519,0.15,2.0,1,2022-12-13,2022,60+
U1086,USA,46,Female,Family,10.5,520,0.1,3.0,0,2023-04-13,2023,41-50
U1021,USA,43,Male,Family,12.3,535,0.1,5.0,1,2022-10-28,2022,41-50
U1136,Brazil,60,Female,Family,3.7,482,0.3,3.0,0,2023-02-03,2023,51-60
U1173,USA,29,Male,Family,12.5,475,0.1,4.0,1,2023-10-29,2023,21-30
U1615,India,40,Male,Premium,7.7,493,0.2,2.0,0,2022-09-07,2022,31-40
U1543,USA,54,Male,Family,6.7,542,0.2,5.0,0,2024-02-07,2024,51-60
U1247,UK,40,Other,Family,3.2,507,0.1,3.0,0,2022-09-07,2022,31-40
U1133,USA,42,Other,Student,14.4,491,0.05,1.0,0,2023-05-08,2023,41-50
U1373,India,45,Female,Student,13.3,530,0.2,4.0,0,2023-05-12,2023,41-50
U1511,Nigeria,39,Prefer Not To Say,Free,10.7,531,0.25,2.0,1,2023-12-19,2023,31-40
U1618,India,19,Male,Student,10.0,472,0.1,1.0,0,2022-09-24,2022,0-20
U1281,Nigeria,25,Prefer Not To Say,Family,4.5,483,0.1,3.0,0,2023-09-01,2023,21-30
U1454,UK,63,Female,Free,11.3,492,0.1,1.0,0,2022-09-09,2022,60+
U1283,Kenya,37,Male,Student,7.1,490,0.2,3.0,0,2022-02-18,2022,31-40
U1006,Nigeria,33,Other,Student,4.6,518,0.3,3.0,0,2022-11-19,2022,31-40
U1616,UK,52,Prefer Not To Say,Family,9.8,507,0.2,3.0,0,2022-03-20,2022,51-60
U1308,India,57,Other,Free,4.4,513,0.2,1.0,0,2022-11-03,2022,51-60
U1201,South Africa,41,Prefer Not To Say,Family,3.0,529,0.2,3.0,0,2023-08-08,2023,41-50
U1096,USA,43,Female,Premium,1.5,520,0.25,5.0,0,2023-06-20,2023,41-50
U1386,Nigeria,13,Male,Free,11.0,510,0.2,2.0,0,2024-01-22,2024,0-20
U1034,Brazil,36,Female,Student,8.9,471,0.1,4.0,0,2023-04-16,2023,31-40
U1044,India,49,Male,Premium,12.5,532,0.1,5.0,0,2023-08-11,2023,41-50
U1694,USA,33,Female,Family,14.8,488,0.3,3.0,0,2024-07-27,2024,31-40
U1686,USA,26,Other,Student,15.8,494,0.25,2.0,0,2023-04-25,2023,21-30
U1429,Ghana,54,Prefer Not To Say,Free,6.0,480,0.2,2.0,0,2024-01-08,2024,51-60
U1484,India,45,Female,Student,10.4,479,0.1,3.0,0,2022-10-14,2022,41-50
U1426,Kenya,16,Female,Premium,10.2,523,0.3,4.0,0,2022-09-26,2022,0-20
U1695,UK,26,Other,Free,15.5,504,0.1,5.0,1,2024-06-14,2024,21-30
U1390,UK,21,Male,Free,11.3,506,0.2,3.0,0,2022-05-08,2022,21-30
U1152,UK,30,Prefer Not To Say,Family,7.0,494,0.2,3.0,1,2022-11-07,2022,21-30
U1378,India,35,Prefer Not To Say,Premium,7.3,526,0.3,4.0,1,2023-10-03,2023,31-40
U1074,Nepal,44,Female,Student,7.5,494,0.1,3.0,0,2022-05-28,2022,41-50
U1335,UK,40,Male,Family,10.4,490,0.1,3.0,0,2022-08-23,2022,31-40
U1551,USA,52,Female,Premium,7.3,516,0.3,3.0,1,2023-11-24,2023,51-60
U1565,Ghana,63,Prefer Not To Say,Premium,15.8,463,0.3,3.0,0,2024-01-07,2024,60+
U1487,India,43,Male,Family,10.2,474,0.05,4.0,0,2023-02-23,2023,41-50
U1670,Nepal,15,Male,Family,9.9,485,0.25,4.0,1,2023-02-07,2023,0-20
U1685,India,36,Female,Premium,17.5,490,0.3,3.0,0,2023-04-29,2023,31-40
U1242,UK,27,Prefer Not To Say,Family,7.8,525,0.15,5.0,1,2022-06-09,2022,21-30
U1466,Nigeria,45,Male,Student,13.3,504,0.2,3.0,0,2022-04-25,2022,41-50
U1180,USA,25,Female,Premium,10.2,542,0.1,5.0,0,2022-12-11,2022,21-30
U1094,Ghana,29,Male,Student,15.8,481,0.2,5.0,0,2024-08-17,2024,21-30
U1410,Ghana,52,Female,Premium,9.5,513,0.05,5.0,0,2023-04-09,2023,51-60
U1079,Nigeria,38,Female,Student,13.8,519,0.1,2.0,0,2023-10-04,2023,31-40
U1250,Brazil,36,Female,Student,19.3,530,0.15,2.0,0,2023-02-10,2023,31-40
U1407,Nigeria,47,Male,Family,0.2,511,0.05,1.0,0,2022-06-11,2022,41-50
U1041,India,62,Other,Free,10.3,466,0.15,1.0,0,2023-11-24,2023,60+
U1632,Nigeria,42,Female,Free,12.6,497,0.1,3.0,1,2022-04-06,2022,41-50
U1656,UK,22,Female,Family,7.8,505,0.05,3.0,1,2023-06-02,2023,21-30
U1211,USA,34,Female,Premium,5.9,489,0.1,2.0,0,2024-08-17,2024,31-40
U1611,USA,53,Prefer Not To Say,Premium,4.1,503,0.1,4.0,0,2022-05-13,2022,51-60
U1356,India,31,Male,Premium,5.1,495,0.1,5.0,0,2022-09-12,2022,31-40
U1583,UK,19,Male,Free,14.2,512,0.1,3.0,0,2022-07-05,2022,0-20
U1313,Nepal,33,Female,Family,11.7,469,0.2,3.0,0,2024-04-08,2024,31-40
U1617,Nigeria,61,Male,Premium,4.3,482,0.1,3.0,0,2023-07-28,2023,60+
U1205,Ghana,31,Male,Free,4.4,486,0.3,3.0,1,2022-01-05,2022,31-40
U1365,India,26,Female,Family,16.8,513,0.15,4.0,0,2024-07-08,2024,21-30
U1567,India,27,Female,Premium,1.3,480,0.2,1.0,0,2022-12-15,2022,21-30
U1249,Nepal,26,Male,Student,12.9,464,0.2,2.0,0,2022-07-31,2022,21-30
U1292,USA,59,Female,Premium,8.5,525,0.1,3.0,0,2024-07-28,2024,51-60
U1689,Kenya,55,Male,Family,15.0,534,0.1,4.0,1,2022-12-19,2022,51-60
U1453,India,51,Female,Premium,15.5,502,0.1,2.0,0,2022-12-15,2022,51-60
U1434,Nepal,51,Female,Family,7.5,487,0.3,3.0,0,2022-11-26,2022,51-60
U1376,UK,22,Male,Family,8.7,533,0.1,2.0,1,2022-02-05,2022,21-30
U1448,USA,14,Male,Premium,5.2,523,0.2,4.0,0,2024-02-16,2024,0-20
U1489,Kenya,48,Female,Premium,15.8,493,0.2,5.0,1,2023-10-12,2023,41-50
U1196,India,37,Male,Premium,14.1,528,0.05,2.0,1,2022-03-01,2022,31-40
U1187,Ghana,35,Male,Premium,10.4,513,0.2,3.0,1,2022-01-10,2022,31-40
U1169,Ghana,16,Male,Family,9.3,534,0.1,3.0,1,2022-01-25,2022,0-20
U1028,Nigeria,22,Female,Premium,4.1,512,0.1,3.0,0,2023-10-30,2023,21-30
U1552,UK,53,Other,Free,10.7,510,0.2,3.0,0,2022-12-30,2022,51-60
U1683,USA,47,Male,Family,8.3,500,0.05,3.0,0,2023-11-18,2023,41-50
U1653,UK,51,Female,Student,14.5,491,0.1,3.0,0,2022-07-21,2022,51-60
U1675,Kenya,49,Prefer Not To Say,Student,5.8,507,0.1,3.0,0,2022-04-14,2022,41-50
U1597,UK,36,Female,Student,13.9,525,0.1,3.0,0,2023-05-08,2023,31-40
U1114,UK,25,Male,Student,4.0,484,0.1,5.0,0,2022-05-24,2022,21-30
U1624,Brazil,63,Female,Family,1.0,503,0.1,5.0,1,2023-11-06,2023,60+
U1144,Nigeria,23,Other,Student,17.3,490,0.1,3.0,0,2023-11-16,2023,21-30
U1505,India,63,Female,Premium,13.9,493,0.2,2.0,0,2023-04-18,2023,60+
U1652,Ghana,41,Female,Student,11.5,474,0.25,3.0,0,2023-07-17,2023,41-50
U1602,Ghana,34,Female,Family,5.2,487,0.1,3.0,0,2024-01-24,2024,31-40
U1266,Kenya,47,Other,Family,15.2,483,0.05,3.0,0,2022-05-27,2022,41-50
U1575,India,53,Other,Student,6.8,469,0.15,5.0,0,2022-02-25,2022,51-60
U1411,South Africa,34,Male,Family,1.2,502,0.1,5.0,1,2024-04-04,2024,31-40
U1310,UK,49,Female,Student,3.3,494,0.15,3.0,0,2023-07-23,2023,41-50
U1011,South Africa,48,Female,Family,13.5,468,0.2,1.0,0,2023-02-10,2023,41-50
U1513,Nepal,32,Male,Premium,13.1,561,0.3,5.0,0,2023-02-23,2023,31-40
U1153,Kenya,42,Female,Premium,3.6,525,0.15,4.0,0,2022-09-15,2022,41-50
U1219,UK,58,Male,Student,6.2,571,0.2,4.0,1,2022-03-23,2022,51-60
U1546,UK,43,Male,Free,14.2,489,0.3,4.0,0,2023-07-22,2023,41-50
U1341,Nepal,42,Male,Premium,13.0,457,0.1,3.0,0,2022-01-04,2022,41-50
U1260,India,58,Female,Student,2.9,458,0.1,3.0,0,2024-07-25,2024,51-60
U1343,Nepal,63,Female,Free,7.4,517,0.3,4.0,0,2023-05-09,2023,60+
U1530,USA,37,Prefer Not To Say,Student,12.4,531,0.1,2.0,0,2023-06-14,2023,31-40
U1126,UK,46,Female,Family,13.4,526,0.25,1.0,0,2023-05-22,2023,41-50
U1633,Nigeria,28,Female,Student,0.2,529,0.25,3.0,1,2023-08-23,2023,21-30
U1591,India,63,Female,Premium,12.4,543,0.1,2.0,0,2024-08-12,2024,60+
U1496,Ghana,17,Other,Student,17.4,475,0.25,5.0,0,2022-03-24,2022,0-20
U1674,Nepal,59,Male,Free,2.8,455,0.1,5.0,0,2024-05-16,2024,51-60
U1566,Kenya,52,Female,Free,15.9,499,0.3,3.0,0,2022-02-23,2022,51-60
U1394,Brazil,50,Male,Free,4.1,541,0.1,2.0,0,2024-02-12,2024,41-50
U1170,India,22,Other,Family,14.4,493,0.25,3.0,1,2024-04-27,2024,21-30
U1192,Nepal,20,Female,Student,6.9,482,0.2,4.0,1,2022-08-21,2022,0-20
U1178,Nigeria,18,Male,Premium,14.1,466,0.25,3.0,0,2023-10-16,2023,0-20
U1232,India,55,Other,Student,6.9,512,0.2,3.0,0,2024-03-15,2024,51-60
U1352,India,17,Prefer Not To Say,Free,9.7,474,0.3,3.0,0,2022-10-20,2022,0-20
U1031,Ghana,20,Male,Student,16.6,501,0.2,2.0,0,2024-07-16,2024,0-20
U1035,Nigeria,40,Female,Premium,11.0,452,0.1,2.0,0,2022-09-26,2022,31-40
U1428,UK,57,Female,Family,11.9,493,0.1,5.0,1,2023-11-18,2023,51-60
U1396,UK,42,Male,Family,10.2,510,0.3,1.0,0,2024-02-07,2024,41-50
U1414,Kenya,23,Female,Student,12.7,539,0.15,5.0,0,2024-07-07,2024,21-30
U1593,UK,37,Male,Student,6.5,494,0.1,5.0,0,2022-06-14,2022,31-40
U1177,Brazil,46,Male,Family,9.6,514,0.3,5.0,0,2023-08-15,2023,41-50
U1370,India,25,Prefer Not To Say,Free,3.9,513,0.1,3.0,0,2022-12-30,2022,21-30
U1194,Brazil,52,Female,Premium,8.7,566,0.2,4.0,0,2023-03-22,2023,51-60
U1322,UK,36,Other,Family,8.5,523,0.1,1.0,0,2023-04-25,2023,31-40
U1636,India,30,Prefer Not To Say,Free,17.9,496,0.2,3.0,0,2024-07-07,2024,21-30
U1128,Kenya,62,Female,Free,7.7,511,0.2,2.0,0,2022-06-10,2022,60+
U1389,South Africa,29,Female,Family,10.0,508,0.25,4.0,0,2023-01-26,2023,21-30
U1353,UK,18,Male,Student,6.3,514,0.15,4.0,0,2023-02-04,2023,0-20
U1470,Nigeria,39,Other,Premium,5.4,473,0.3,1.0,0,2024-02-01,2024,31-40
U1140,India,49,Male,Student,13.2,476,0.05,2.0,0,2024-01-05,2024,41-50
U1020,South Africa,27,Prefer Not To Say,Student,8.1,541,0.05,3.0,0,2022-04-18,2022,21-30
U1699,Nepal,19,Female,Family,7.3,519,0.1,3.0,0,2022-09-19,2022,0-20
U1582,UK,14,Female,Family,12.4,490,0.1,3.0,0,2022-08-12,2022,0-20
U1163,Brazil,42,Male,Family,14.6,565,0.1,4.0,0,2022-11-14,2022,41-50
U1080,USA,37,Male,Premium,9.9,522,0.1,3.0,1,2022-04-25,2022,31-40
U1425,UK,38,Male,Family,16.1,456,0.1,3.0,0,2022-04-28,2022,31-40
U1477,Nigeria,45,Other,Family,5.7,484,0.3,3.0,1,2022-11-11,2022,41-50
U1422,Kenya,17,Female,Premium,2.4,516,0.15,3.0,0,2023-07-18,2023,0-20
U1216,India,53,Other,Student,1.5,466,0.25,2.0,0,2024-08-07,2024,51-60
U1049,Kenya,21,Other,Student,11.5,514,0.25,4.0,1,2024-02-13,2024,21-30
U1000,Kenya,18,Male,Premium,6.3,485,0.05,3.0,0,2023-02-25,2023,0-20
U1572,South Africa,22,Male,Student,10.3,494,0.2,4.0,1,2023-10-23,2023,21-30
U1697,South Africa,60,Female,Student,6.3,510,0.25,1.0,1,2023-06-22,2023,51-60
U1119,Nigeria,44,Female,Premium,10.5,515,0.1,2.0,0,2023-11-29,2023,41-50
U1400,UK,56,Other,Student,6.0,492,0.1,3.0,0,2022-06-01,2022,51-60
U1668,India,20,Female,Family,9.4,507,0.3,1.0,1,2022-01-06,2022,0-20
U1529,UK,30,Male,Family,7.1,494,0.25,4.0,1,2024-08-14,2024,21-30
U1090,UK,33,Female,Free,0.2,499,0.2,2.0,0,2023-06-24,2023,31-40
U1259,Brazil,35,Male,Family,11.7,516,0.25,5.0,1,2023-06-14,2023,31-40
U1154,UK,27,Female,Premium,1.3,513,0.1,3.0,1,2022-03-09,2022,21-30
U1184,UK,23,Female,Family,21.5,528,0.2,5.0,0,2022-06-21,2022,21-30
U1598,Ghana,45,Female,Free,5.1,526,0.1,4.0,0,2024-07-17,2024,41-50
U1226,Kenya,21,Male,Student,10.6,461,0.3,4.0,1,2023-05-20,2023,21-30
U1576,Ghana,47,Female,Free,23.4,545,0.2,5.0,1,2023-03-14,2023,41-50
U1479,UK,34,Other,Student,14.5,508,0.3,4.0,0,2022-08-11,2022,31-40
U1001,India,56,Prefer Not To Say,Premium,11.1,556,0.2,5.0,0,2022-04-11,2022,51-60
U1608,USA,19,Male,Student,9.2,510,0.3,4.0,0,2022-06-20,2022,0-20
U1295,Brazil,59,Male,Family,9.9,511,0.25,5.0,0,2023-02-22,2023,51-60
U1592,USA,36,Male,Free,0.9,509,0.3,3.0,0,2022-09-10,2022,31-40
U1601,India,55,Female,Student,3.9,499,0.05,4.0,0,2022-04-13,2022,51-60
U1314,South Africa,18,Female,Family,6.0,473,0.25,3.0,1,2023-12-08,2023,0-20
U1532,India,59,Male,Student,11.9,513,0.3,4.0,0,2022-07-15,2022,51-60
U1059,UK,18,Female,Free,7.9,526,0.1,3.0,0,2024-04-23,2024,0-20
U1443,UK,45,Male,Student,13.3,472,0.2,5.0,1,2024-06-14,2024,41-50
U1359,India,32,Female,Premium,12.5,492,0.2,5.0,1,2023-11-04,2023,31-40
U1366,Nepal,50,Female,Premium,15.9,506,0.1,3.0,0,2024-04-19,2024,41-50
U1207,UK,17,Other,Premium,17.3,489,0.25,3.0,0,2023-11-13,2023,0-20
U1540,UK,17,Male,Student,9.9,469,0.15,3.0,0,2024-10-05,2024,0-20
U1408,UK,47,Male,Free,9.2,476,0.1,1.0,0,2024-12-04,2024,41-50
U1251,UK,14,Prefer Not To Say,Premium,4.6,480,0.1,1.0,1,2022-03-22,2022,0-20
U1467,Kenya,64,Male,Premium,8.1,485,0.1,4.0,1,2023-06-09,2023,60+
U1349,Brazil,63,Male,Student,12.6,518,0.2,3.0,1,2024-01-19,2024,60+
U1599,UK,61,Female,Premium,17.4,492,0.1,3.0,1,2022-10-12,2022,60+
U1017,Nepal,53,Female,Family,10.2,459,0.2,4.0,0,2022-11-25,2022,51-60
U1045,UK,53,Other,Free,10.3,536,0.2,2.0,1,2023-02-08,2023,51-60
U1112,UK,63,Female,Student,6.8,479,0.15,4.0,0,2023-04-23,2023,60+
U1639,Brazil,63,Male,Family,16.1,522,0.1,3.0,1,2022-11-09,2022,60+
U1301,UK,54,Male,Premium,10.4,490,0.25,3.0,0,2023-03-26,2023,51-60
U1023,UK,15,Prefer Not To Say,Premium,15.8,507,0.3,3.0,0,2022-12-10,2022,0-20
U1303,South Africa,49,Prefer Not To Say,Family,10.5,507,0.1,5.0,0,2024-07-24,2024,41-50
U1548,Nigeria,63,Other,Free,13.9,467,0.15,3.0,0,2024-03-20,2024,60+
U1571,Brazil,21,Female,Free,13.2,512,0.1,3.0,0,2022-01-22,2022,21-30
U1231,UK,42,Male,Premium,14.8,563,0.3,2.0,0,2024-05-17,2024,41-50
U1123,Ghana,20,Female,Student,16.5,491,0.2,1.0,0,2023-04-19,2023,0-20
U1644,Nigeria,61,Male,Student,10.3,493,0.2,3.0,0,2024-06-25,2024,60+
U1640,Brazil,59,Female,Family,4.7,474,0.15,5.0,1,2022-08-07,2022,51-60
U1625,India,31,Female,Free,8.2,514,0.05,2.0,0,2024-03-16,2024,31-40
U1638,Kenya,26,Female,Premium,8.9,475,0.2,2.0,0,2022-08-19,2022,21-30
U1465,USA,41,Male,Student,7.4,511,0.1,4.0,1,2022-01-03,2022,41-50
U1070,South Africa,17,Female,Student,4.8,501,0.25,1.0,1,2024-08-01,2024,0-20
U1506,Kenya,63,Female,Premium,5.2,501,0.3,2.0,1,2022-10-21,2022,60+
U1346,UK,23,Female,Student,2.8,516,0.1,5.0,0,2022-05-03,2022,21-30
U1068,India,62,Male,Family,12.5,486,0.15,2.0,0,2023-11-19,2023,60+
U1202,Brazil,44,Male,Premium,13.6,521,0.25,4.0,0,2023-05-12,2023,41-50
U1500,India,24,Female,Family,20.5,492,0.25,3.0,1,2022-08-17,2022,21-30
U1099,UK,15,Male,Family,1.4,511,0.1,3.0,0,2022-11-24,2022,0-20
U1246,India,38,Female,Family,12.4,496,0.1,4.0,0,2023-08-02,2023,31-40
U1285,Nigeria,22,Female,Student,10.6,537,0.1,2.0,1,2023-03-02,2023,21-30
U1005,Kenya,59,Female,Free,12.9,519,0.25,1.0,0,2023-10-21,2023,51-60
U1039,USA,38,Male,Family,12.6,456,0.05,5.0,0,2022-11-07,2022,31-40
U1512,Nigeria,17,Female,Student,17.4,485,0.1,3.0,1,2022-10-10,2022,0-20
U1047,India,39,Male,Family,6.8,512,0.1,1.0,1,2024-01-02,2024,31-40
U1696,Ghana,43,Female,Free,8.0,471,0.25,2.0,0,2023-09-09,2023,41-50
U1225,Nepal,39,Male,Family,8.5,486,0.15,3.0,1,2022-06-27,2022,31-40
U1215,UK,17,Male,Premium,11.7,495,0.1,3.0,1,2024-08-27,2024,0-20
U1358,UK,45,Female,Student,15.2,461,0.05,3.0,0,2022-09-30,2022,41-50
U1622,Ghana,42,Female,Student,4.5,520,0.15,3.0,1,2023-04-09,2023,41-50
U1631,India,41,Female,Student,2.6,542,0.3,1.0,1,2022-05-05,2022,41-50
U1332,South Africa,18,Female,Family,18.8,460,0.15,3.0,0,2023-03-18,2023,0-20
U1579,India,38,Female,Premium,13.7,525,0.15,3.0,0,2022-05-23,2022,31-40
U1315,India,18,Male,Premium,8.4,479,0.1,1.0,0,2023-12-15,2023,0-20
U1369,Ghana,48,Other,Family,9.0,477,0.1,3.0,0,2022-04-23,2022,41-50
U1004,India,57,Female,Student,12.5,473,0.15,3.0,0,2023-02-16,2023,51-60
U1497,USA,41,Other,Premium,8.2,497,0.1,4.0,0,2023-05-06,2023,41-50
U1255,Nepal,63,Male,Student,8.5,462,0.2,4.0,1,2023-12-13,2023,60+
U1168,Nigeria,41,Male,Premium,16.1,477,0.2,3.0,1,2023-11-27,2023,41-50
U1537,USA,48,Female,Student,11.3,486,0.1,4.0,1,2022-09-10,2022,41-50
U1405,Nigeria,46,Prefer Not To Say,Premium,11.8,506,0.1,3.0,1,2023-04-06,2023,41-50
U1553,UK,34,Other,Family,6.9,467,0.05,2.0,0,2022-06-28,2022,31-40
U1436,India,26,Female,Premium,16.9,490,0.1,3.0,0,2024-05-14,2024,21-30
U1423,USA,31,Other,Student,16.2,508,0.05,5.0,0,2022-09-23,2022,31-40
U1483,South Africa,22,Male,Premium,6.8,442,0.2,3.0,0,2023-05-17,2023,21-30
U1174,USA,32,Female,Family,11.6,505,0.2,5.0,1,2022-08-03,2022,31-40
U1362,UK,59,Female,Premium,0.8,484,0.3,2.0,1,2022-05-06,2022,51-60
U1317,Ghana,16,Female,Premium,7.3,500,0.05,5.0,0,2022-08-10,2022,0-20
U1113,UK,57,Female,Premium,10.8,521,0.05,3.0,0,2024-01-11,2024,51-60
U1007,UK,28,Female,Student,5.6,507,0.1,2.0,1,2023-05-27,2023,21-30
U1164,UK,54,Male,Free,11.5,511,0.2,5.0,1,2023-02-05,2023,51-60
U1439,Nepal,50,Female,Student,10.6,490,0.1,3.0,1,2022-11-16,2022,41-50
U1188,India,28,Male,Student,19.1,504,0.05,4.0,0,2024-07-13,2024,21-30
U1580,Ghana,23,Other,Free,14.3,507,0.1,3.0,0,2023-11-10,2023,21-30
U1181,Ghana,55,Female,Free,2.5,513,0.1,4.0,1,2022-07-17,2022,51-60
U1145,Kenya,63,Male,Premium,19.0,495,0.05,5.0,1,2023-07-15,2023,60+
U1558,Nigeria,49,Female,Family,5.6,497,0.15,3.0,1,2023-01-07,2023,41-50
U1026,UK,23,Female,Free,7.5,497,0.25,3.0,0,2024-04-08,2024,21-30
U1098,Ghana,50,Prefer Not To Say,Premium,5.6,509,0.2,3.0,0,2023-12-26,2023,41-50
U1199,Nigeria,15,Male,Family,7.9,528,0.1,3.0,0,2023-06-26,2023,0-20
U1297,Ghana,52,Prefer Not To Say,Premium,4.3,469,0.3,3.0,0,2024-03-13,2024,51-60
U1545,UK,40,Male,Family,0.7,534,0.1,3.0,0,2022-04-14,2022,31-40
U1257,India,15,Prefer Not To Say,Family,0.3,503,0.3,3.0,0,2024-03-30,2024,0-20
U1450,Kenya,52,Prefer Not To Say,Family,1.5,515,0.2,4.0,1,2024-06-22,2024,51-60
U1629,Ghana,61,Prefer Not To Say,Free,14.5,522,0.1,4.0,1,2022-10-01,2022,60+
U1300,UK,31,Male,Student,11.2,532,0.1,1.0,0,2023-11-29,2023,31-40
U1698,UK,30,Other,Family,15.7,494,0.05,3.0,0,2022-12-05,2022,21-30
U1437,Nigeria,44,Male,Premium,15.1,456,0.1,4.0,1,2023-09-14,2023,41-50
U1272,UK,22,Female,Free,4.4,499,0.2,3.0,0,2022-05-26,2022,21-30
U1081,UK,34,Female,Premium,9.1,484,0.1,5.0,1,2024-06-21,2024,31-40
U1237,India,13,Female,Free,6.8,531,0.15,5.0,0,2022-07-11,2022,0-20
U1634,Kenya,52,Other,Family,10.9,480,0.05,5.0,1,2023-06-01,2023,51-60
U1172,USA,22,Male,Family,4.8,503,0.1,4.0,0,2022-07-15,2022,21-30
U1510,Kenya,55,Female,Premium,12.1,512,0.15,2.0,0,2023-06-15,2023,51-60
U1279,UK,37,Female,Free,13.9,512,0.2,4.0,1,2024-07-02,2024,31-40
U1210,India,54,Prefer Not To Say,Student,7.7,496,0.1,3.0,1,2022-09-08,2022,51-60
U1533,South Africa,52,Female,Free,9.1,478,0.25,3.0,0,2024-03-23,2024,51-60
U1218,South Africa,38,Other,Family,18.4,501,0.25,5.0,1,2023-10-28,2023,31-40
U1148,Ghana,46,Other,Family,5.7,477,0.1,2.0,1,2023-04-28,2023,41-50
U1621,USA,25,Female,Family,12.0,505,0.25,3.0,0,2023-05-23,2023,21-30
U1518,Nigeria,18,Female,Student,7.8,477,0.1,5.0,1,2023-03-01,2023,0-20
U1535,UK,24,Male,Family,9.0,524,0.3,4.0,0,2022-06-16,2022,21-30
U1523,South Africa,58,Prefer Not To Say,Free,3.8,498,0.15,1.0,0,2022-01-16,2022,51-60
U1444,South Africa,37,Female,Free,3.9,500,0.2,2.0,1,2023-03-28,2023,31-40
U1384,Nigeria,14,Female,Student,6.3,491,0.2,2.0,0,2024-01-21,2024,0-20
U1311,South Africa,45,Prefer Not To Say,Family,22.1,508,0.15,4.0,0,2023-05-22,2023,41-50
U1197,UK,15,Female,Student,5.4,521,0.2,3.0,0,2024-02-04,2024,0-20
U1626,India,44,Male,Family,9.5,535,0.05,4.0,0,2023-10-03,2023,41-50
U1183,UK,60,Female,Premium,13.6,513,0.15,5.0,0,2023-06-21,2023,51-60
U1122,Kenya,43,Male,Premium,6.0,519,0.25,4.0,0,2023-11-06,2023,41-50
U1587,UK,39,Male,Premium,4.5,495,0.25,3.0,0,2022-06-25,2022,31-40
U1124,South Africa,51,Female,Family,5.1,481,0.25,4.0,0,2024-02-29,2024,51-60
U1357,USA,32,Other,Premium,10.0,500,0.3,1.0,0,2022-12-24,2022,31-40
U1393,UK,36,Male,Student,17.2,506,0.1,3.0,1,2023-08-21,2023,31-40
U1025,India,35,Female,Family,13.0,532,0.1,2.0,1,2023-11-16,2023,31-40
U1623,India,35,Male,Family,8.2,493,0.2,4.0,0,2024-01-13,2024,31-40
U1243,Nepal,59,Female,Student,5.6,466,0.1,2.0,0,2023-09-23,2023,51-60
U1321,UK,43,Male,Premium,23.3,502,0.3,4.0,0,2022-03-03,2022,41-50
U1106,South Africa,29,Female,Student,9.6,482,0.3,2.0,1,2022-04-22,2022,21-30
U1472,Kenya,41,Female,Family,0.6,463,0.25,4.0,1,2022-01-29,2022,41-50
U1077,Nepal,23,Male,Premium,8.4,501,0.05,3.0,1,2022-10-21,2022,21-30
U1078,UK,33,Other,Premium,14.4,487,0.15,1.0,0,2023-07-28,2023,31-40
U1421,UK,49,Other,Family,16.3,531,0.05,4.0,0,2024-08-20,2024,41-50
U1469,India,51,Female,Premium,6.8,486,0.1,3.0,0,2022-04-15,2022,51-60
U1651,Nigeria,20,Other,Premium,21.7,524,0.25,3.0,0,2022-09-01,2022,0-20
U1427,Nepal,37,Other,Family,10.7,544,0.1,4.0,0,2023-03-23,2023,31-40
U1542,India,20,Female,Student,8.0,516,0.15,3.0,1,2022-01-26,2022,0-20
U1447,USA,59,Female,Premium,13.3,497,0.15,3.0,0,2022-10-13,2022,51-60
U1261,UK,55,Male,Free,4.1,539,0.2,3.0,1,2023-11-15,2023,51-60
U1687,South Africa,44,Prefer Not To Say,Family,9.0,514,0.15,2.0,1,2023-11-10,2023,41-50
U1538,UK,60,Female,Premium,10.5,487,0.15,5.0,0,2022-03-22,2022,51-60
U1162,Kenya,27,Female,Student,3.3,487,0.15,2.0,0,2023-05-11,2023,21-30
U1289,UK,30,Male,Family,8.9,493,0.05,3.0,0,2024-06-19,2024,21-30
U1179,Kenya,14,Prefer Not To Say,Free,12.9,500,0.25,4.0,0,2023-06-11,2023,0-20
U1501,India,57,Female,Premium,4.4,493,0.15,3.0,0,2023-01-02,2023,51-60
U1276,USA,34,Male,Family,4.4,475,0.2,4.0,0,2023-08-02,2023,31-40
U1642,USA,14,Female,Premium,3.7,494,0.2,3.0,1,2022-09-10,2022,0-20
U1554,UK,23,Female,Premium,6.5,504,0.1,4.0,1,2023-10-05,2023,21-30
U1460,Nigeria,20,Male,Family,7.8,518,0.2,1.0,0,2023-08-16,2023,0-20
U1603,Nepal,38,Female,Premium,7.8,488,0.2,4.0,1,2024-03-06,2024,31-40
U1459,USA,63,Prefer Not To Say,Student,12.1,489,0.15,3.0,1,2022-09-12,2022,60+
U1286,Ghana,15,Male,Family,5.1,489,0.2,5.0,0,2022-01-01,2022,0-20
U1264,UK,30,Male,Family,0.5,511,0.05,2.0,0,2022-10-05,2022,21-30
U1612,Ghana,61,Other,Student,1.9,475,0.25,3.0,0,2024-06-03,2024,60+
U1234,Nigeria,29,Male,Free,10.0,484,0.3,4.0,0,2023-02-22,2023,21-30
U1233,USA,60,Prefer Not To Say,Student,14.1,507,0.2,5.0,0,2024-07-16,2024,51-60
U1085,Kenya,45,Male,Premium,6.0,487,0.3,3.0,0,2023-07-10,2023,41-50
U1287,India,53,Male,Premium,5.5,500,0.1,2.0,1,2022-03-27,2022,51-60
U1029,Nepal,44,Male,Student,8.2,514,0.15,3.0,0,2022-01-27,2022,41-50
U1325,Ghana,63,Prefer Not To Say,Student,19.1,477,0.1,1.0,0,2023-07-29,2023,60+
U1446,USA,45,Male,Family,11.4,499,0.05,2.0,0,2023-05-11,2023,41-50
U1089,India,13,Male,Student,9.8,481,0.15,4.0,0,2022-02-19,2022,0-20
U1610,UK,32,Prefer Not To Say,Free,15.6,481,0.25,4.0,1,2024-06-30,2024,31-40
U1326,India,43,Male,Student,9.6,531,0.3,1.0,0,2023-04-06,2023,41-50
U1061,USA,63,Prefer Not To Say,Free,6.5,530,0.15,4.0,0,2022-08-11,2022,60+
U1541,Brazil,49,Other,Student,15.4,534,0.25,3.0,0,2023-02-24,2023,41-50
U1277,Ghana,38,Prefer Not To Say,Family,9.2,477,0.3,2.0,0,2023-09-07,2023,31-40
U1594,Kenya,19,Male,Family,0.8,502,0.15,3.0,0,2022-10-27,2022,0-20
U1160,Brazil,45,Female,Student,11.1,495,0.2,3.0,0,2022-03-01,2022,41-50
U1221,UK,61,Male,Free,7.1,514,0.2,4.0,0,2023-02-06,2023,60+
U1217,UK,24,Male,Family,17.3,485,0.1,4.0,0,2023-05-01,2023,21-30
U1516,UK,52,Female,Family,9.5,461,0.2,3.0,1,2022-09-27,2022,51-60
U1167,UK,17,Female,Student,5.9,514,0.3,3.0,1,2023-10-20,2023,0-20
U1555,UK,35,Female,Free,11.7,545,0.1,3.0,0,2024-05-03,2024,31-40
U1108,Brazil,26,Male,Family,17.1,485,0.1,2.0,0,2022-03-13,2022,21-30
U1471,India,48,Female,Family,10.5,521,0.1,4.0,0,2023-08-01,2023,41-50
U1091,India,60,Prefer Not To Say,Student,20.3,498,0.2,2.0,1,2022-01-03,2022,51-60
U1391,Nepal,23,Male,Family,9.8,496,0.25,2.0,1,2022-04-07,2022,21-30
U1665,UK,62,Prefer Not To Say,Student,11.4,467,0.1,4.0,0,2023-06-22,2023,60+
U1431,Nepal,30,Male,Free,4.4,466,0.2,4.0,0,2022-12-15,2022,21-30
U1055,Nigeria,41,Male,Free,12.1,500,0.2,3.0,0,2022-02-12,2022,41-50
U1100,Ghana,35,Female,Student,11.4,490,0.25,4.0,1,2024-11-06,2024,31-40
U1307,South Africa,46,Other,Free,5.4,495,0.1,3.0,0,2024-07-13,2024,41-50
U1635,Nigeria,31,Male,Family,4.1,450,0.3,2.0,0,2023-08-16,2023,31-40
U1298,Ghana,61,Female,Family,1.2,516,0.2,3.0,1,2022-01-30,2022,60+
U1241,Brazil,64,Male,Family,14.0,556,0.15,4.0,1,2022-02-28,2022,60+
U1066,UK,22,Male,Free,2.3,493,0.15,4.0,1,2022-07-21,2022,21-30
U1118,Kenya,52,Male,Family,8.9,475,0.1,2.0,0,2022-02-04,2022,51-60
U1036,USA,20,Female,Family,22.3,488,0.25,1.0,1,2022-03-14,2022,0-20
U1534,USA,55,Male,Family,6.1,490,0.2,1.0,1,2022-11-25,2022,51-60
U1684,Nigeria,44,Female,Family,12.1,464,0.1,2.0,0,2022-03-10,2022,41-50
U1294,India,46,Female,Student,7.4,507,0.1,3.0,0,2023-10-20,2023,41-50
U1654,Brazil,15,Female,Premium,19.8,484,0.3,3.0,0,2024-02-19,2024,0-20
U1547,South Africa,21,Male,Premium,9.1,524,0.1,5.0,0,2022-07-03,2022,21-30
U1406,Kenya,24,Prefer Not To Say,Premium,8.5,514,0.15,4.0,1,2023-07-15,2023,21-30
U1473,Ghana,50,Female,Student,8.5,526,0.1,1.0,1,2022-10-16,2022,41-50
U1057,Nigeria,58,Other,Premium,9.7,491,0.15,3.0,0,2024-06-06,2024,51-60
U1134,South Africa,42,Female,Student,13.0,483,0.2,5.0,0,2022-09-14,2022,41-50
U1661,South Africa,45,Male,Premium,11.2,512,0.05,3.0,0,2024-05-24,2024,41-50
U1334,Kenya,32,Male,Student,6.4,488,0.15,1.0,1,2023-12-15,2023,31-40
U1643,Ghana,40,Male,Family,5.7,453,0.1,3.0,1,2024-07-21,2024,31-40
U1053,USA,40,Female,Family,3.6,509,0.25,5.0,1,2022-12-13,2022,31-40
U1681,UK,20,Male,Family,8.7,476,0.2,3.0,0,2023-07-20,2023,0-20
U1374,UK,18,Male,Student,14.2,504,0.2,5.0,0,2022-11-04,2022,0-20
U1641,UK,62,Female,Family,5.6,484,0.2,3.0,0,2022-12-08,2022,60+
U1203,Nepal,62,Prefer Not To Say,Family,17.2,508,0.1,3.0,1,2023-08-12,2023,60+
U1660,UK,46,Female,Premium,2.4,504,0.05,4.0,0,2024-05-01,2024,41-50
U1069,UK,57,Male,Premium,21.4,454,0.3,3.0,1,2022-05-11,2022,51-60
U1240,South Africa,47,Prefer Not To Say,Premium,3.9,483,0.25,1.0,0,2022-10-13,2022,41-50
U1230,UK,59,Other,Family,18.2,484,0.2,5.0,0,2024-06-16,2024,51-60
U1293,India,34,Male,Free,17.8,517,0.15,4.0,0,2023-08-29,2023,31-40
U1657,India,22,Male,Premium,3.6,486,0.1,3.0,1,2022-07-28,2022,21-30
U1253,USA,38,Male,Premium,11.3,497,0.15,4.0,1,2022-10-23,2022,31-40
U1499,UK,16,Male,Student,11.2,485,0.15,3.0,0,2024-05-30,2024,0-20
U1318,UK,42,Male,Student,13.2,458,0.15,2.0,1,2023-07-15,2023,41-50
U1677,Nigeria,63,Other,Student,6.4,541,0.1,2.0,1,2024-04-05,2024,60+
U1350,Brazil,57,Female,Student,11.6,510,0.05,4.0,1,2022-10-03,2022,51-60
U1016,UK,59,Female,Free,14.2,514,0.2,2.0,0,2023-02-23,2023,51-60
U1064,USA,37,Male,Family,10.1,510,0.1,3.0,0,2024-01-21,2024,31-40
U1027,USA,24,Female,Family,8.8,508,0.15,1.0,0,2023-08-30,2023,21-30
U1658,India,31,Female,Student,9.8,508,0.3,3.0,0,2022-07-30,2022,31-40
U1522,UK,38,Prefer Not To Say,Student,12.3,500,0.1,1.0,0,2023-11-24,2023,31-40
U1564,UK,13,Male,Student,16.1,489,0.25,3.0,1,2024-07-13,2024,0-20
U1690,UK,28,Male,Premium,21.7,512,0.15,2.0,1,2023-12-24,2023,21-30
U1265,India,50,Prefer Not To Say,Premium,10.9,497,0.2,3.0,0,2023-02-11,2023,41-50
U1014,South Africa,32,Male,Free,20.8,487,0.25,2.0,0,2024-06-30,2024,31-40
U1213,UK,18,Prefer Not To Say,Student,0.5,509,0.05,1.0,0,2023-04-23,2023,0-20
U1186,Brazil,59,Female,Family,0.5,490,0.2,1.0,0,2024-08-21,2024,51-60
U1492,Nigeria,64,Male,Family,13.3,501,0.25,3.0,0,2024-07-13,2024,60+
U1570,UK,21,Female,Premium,11.9,487,0.1,5.0,1,2023-01-12,2023,21-30
U1236,Kenya,48,Male,Free,15.6,548,0.15,3.0,0,2024-05-06,2024,41-50
U1451,India,52,Other,Family,1.4,511,0.3,3.0,0,2023-09-09,2023,51-60
U1402,Brazil,26,Female,Student,11.4,513,0.1,2.0,1,2024-03-13,2024,21-30
U1379,Kenya,22,Female,Student,7.4,505,0.1,3.0,1,2023-12-22,2023,21-30
U1193,South Africa,16,Female,Premium,12.4,523,0.25,2.0,0,2022-04-29,2022,0-20
U1268,Ghana,27,Female,Free,8.2,510,0.1,4.0,0,2022-06-04,2022,21-30
U1457,India,15,Other,Premium,5.3,525,0.2,2.0,1,2023-03-07,2023,0-20
U1371,South Africa,55,Male,Free,10.6,496,0.25,4.0,1,2024-05-28,2024,51-60
U1159,Kenya,50,Male,Student,8.3,518,0.1,1.0,1,2023-01-31,2023,41-50
U1191,Kenya,28,Female,Student,14.5,516,0.3,3.0,0,2023-11-16,2023,21-30
U1440,Brazil,45,Female,Student,15.1,474,0.2,3.0,0,2023-02-13,2023,41-50
U1102,Ghana,49,Male,Student,15.7,532,0.05,2.0,0,2023-03-29,2023,41-50
U1336,UK,23,Male,Family,17.0,458,0.25,4.0,1,2023-02-03,2023,21-30
U1456,South Africa,18,Male,Family,9.1,499,0.1,3.0,0,2024-07-14,2024,0-20
U1368,USA,23,Prefer Not To Say,Student,13.8,519,0.3,1.0,0,2023-05-06,2023,21-30
U1224,USA,57,Female,Family,21.1,499,0.3,4.0,0,2023-04-14,2023,51-60
U1600,UK,41,Female,Premium,8.7,483,0.05,3.0,0,2024-07-02,2024,41-50
U1646,USA,42,Other,Premium,14.8,484,0.2,3.0,0,2022-10-18,2022,41-50
U1383,Ghana,52,Female,Student,4.2,471,0.05,4.0,0,2023-11-17,2023,51-60
U1323,Nepal,21,Other,Free,10.8,499,0.25,4.0,0,2023-01-14,2023,21-30
U1606,UK,33,Female,Student,2.9,490,0.25,3.0,0,2024-08-20,2024,31-40
U1092,South Africa,18,Female,Free,4.0,503,0.2,5.0,0,2022-03-17,2022,0-20
U1361,UK,24,Male,Free,7.2,485,0.3,3.0,0,2022-09-21,2022,21-30
U1372,UK,15,Other,Premium,14.9,484,0.2,1.0,0,2023-10-30,2023,0-20
U1397,Nigeria,43,Male,Premium,8.7,514,0.2,3.0,1,2023-03-07,2023,41-50
U1067,UK,42,Female,Family,14.6,479,0.3,4.0,0,2024-07-27,2024,41-50
U1528,UK,52,Female,Family,15.4,480,0.2,1.0,0,2022-11-03,2022,51-60
U1476,UK,39,Male,Student,15.3,530,0.1,3.0,1,2024-06-02,2024,31-40
U1214,UK,13,Female,Student,12.9,509,0.1,1.0,1,2022-01-17,2022,0-20
U1485,UK,50,Other,Family,7.7,536,0.1,3.0,1,2022-09-11,2022,41-50
U1073,Nepal,30,Prefer Not To Say,Student,14.9,494,0.25,1.0,0,2023-10-24,2023,21-30
U1282,UK,32,Other,Family,12.0,502,0.1,3.0,0,2023-02-07,2023,31-40
U1648,Nepal,63,Female,Family,9.1,481,0.2,1.0,0,2024-03-02,2024,60+
U1663,Nepal,40,Female,Student,18.8,480,0.1,4.0,1,2023-04-13,2023,31-40
U1071,India,45,Female,Student,9.0,525,0.1,3.0,1,2023-02-25,2023,41-50
U1338,USA,27,Female,Premium,6.8,510,0.25,3.0,0,2022-11-23,2022,21-30
U1398,UK,61,Male,Family,19.0,451,0.15,3.0,0,2023-03-16,2023,60+
U1182,Kenya,55,Male,Family,12.5,498,0.25,4.0,0,2022-09-24,2022,51-60
U1536,UK,56,Female,Premium,5.6,516,0.05,1.0,1,2023-06-22,2023,51-60
U1605,UK,62,Prefer Not To Say,Premium,9.2,493,0.1,3.0,0,2023-01-15,2023,60+
U1220,Brazil,46,Male,Family,15.8,494,0.3,2.0,0,2024-03-27,2024,41-50
U1664,India,44,Male,Family,8.2,483,0.1,4.0,0,2022-09-27,2022,41-50
U1171,Nepal,29,Male,Family,13.7,510,0.1,5.0,0,2022-04-20,2022,21-30
U1430,Nigeria,37,Male,Free,16.0,498,0.25,4.0,1,2023-09-02,2023,31-40
U1461,UK,54,Other,Family,13.8,476,0.2,4.0,0,2022-12-24,2022,51-60
U1206,India,33,Other,Premium,11.4,490,0.1,5.0,0,2023-11-04,2023,31-40
U1525,India,24,Male,Family,6.7,505,0.3,3.0,1,2022-10-04,2022,21-30
U1344,Nepal,14,Male,Student,15.8,501,0.25,3.0,0,2024-06-15,2024,0-20
U1659,Nepal,58,Female,Free,7.2,495,0.05,3.0,0,2022-04-25,2022,51-60
U1345,Nepal,27,Male,Family,6.2,511,0.2,3.0,1,2024-03-28,2024,21-30
U1480,UK,14,Male,Free,14.5,474,0.15,4.0,0,2024-03-25,2024,0-20
U1692,USA,64,Prefer Not To Say,Family,19.8,480,0.1,3.0,0,2023-11-22,2023,60+
U1385,Nepal,32,Prefer Not To Say,Free,11.0,504,0.1,3.0,1,2022-02-11,2022,31-40
U1585,India,39,Male,Family,6.3,477,0.1,4.0,0,2024-06-30,2024,31-40
U1433,Nigeria,20,Male,Premium,12.6,521,0.2,3.0,0,2024-07-07,2024,0-20
U1502,USA,14,Other,Premium,16.1,470,0.1,3.0,1,2024-03-03,2024,0-20
U1117,Nigeria,61,Other,Free,18.6,558,0.15,5.0,0,2023-12-25,2023,60+
U1527,Kenya,25,Female,Family,10.0,452,0.1,1.0,0,2022-06-18,2022,21-30
U1146,Kenya,51,Male,Premium,13.7,498,0.1,4.0,0,2022-03-11,2022,51-60
U1682,UK,46,Male,Free,16.0,505,0.3,4.0,0,2024-08-14,2024,41-50
U1388,South Africa,21,Female,Free,12.6,508,0.2,4.0,1,2023-08-14,2023,21-30
U1324,UK,15,Female,Student,11.9,521,0.15,2.0,1,2023-04-24,2023,0-20
U1327,UK,52,Male,Premium,5.9,460,0.05,5.0,0,2024-04-02,2024,51-60
U1442,India,27,Female,Premium,13.6,504,0.1,3.0,0,2022-11-13,2022,21-30
U1493,UK,27,Male,Family,23.4,536,0.15,3.0,0,2022-12-15,2022,21-30
U1521,Nigeria,59,Female,Student,0.3,506,0.1,3.0,0,2023-03-09,2023,51-60
U1256,UK,19,Female,Premium,16.0,525,0.2,3.0,0,2023-10-06,2023,0-20
U1013,India,31,Male,Family,2.0,554,0.2,2.0,0,2023-06-20,2023,31-40
U1590,Kenya,56,Other,Premium,12.6,480,0.1,3.0,0,2023-09-12,2023,51-60
U1115,Brazil,16,Male,Premium,10.3,506,0.15,2.0,1,2023-06-25,2023,0-20
U1354,USA,38,Prefer Not To Say,Student,10.4,479,0.3,3.0,0,2024-04-26,2024,31-40
U1088,South Africa,47,Male,Premium,5.0,487,0.25,3.0,0,2023-12-18,2023,41-50
U1504,Nigeria,43,Female,Student,4.9,504,0.1,3.0,0,2023-07-12,2023,41-50
U1305,South Africa,64,Female,Premium,7.0,482,0.3,4.0,0,2024-05-19,2024,60+
U1125,USA,38,Female,Student,3.4,481,0.1,3.0,0,2022-06-23,2022,31-40
U1200,USA,39,Male,Premium,11.3,487,0.3,2.0,0,2022-12-24,2022,31-40
U1319,Ghana,23,Female,Premium,7.8,504,0.3,2.0,1,2022-09-20,2022,21-30
U1010,Brazil,49,Female,Student,10.4,457,0.2,5.0,0,2022-11-04,2022,41-50
U1655,Nigeria,44,Male,Student,15.6,521,0.25,2.0,1,2022-06-26,2022,41-50
U1404,Kenya,21,Male,Student,19.0,474,0.1,4.0,0,2022-02-16,2022,21-30
U1596,Ghana,18,Prefer Not To Say,Free,17.9,524,0.1,2.0,0,2022-01-31,2022,0-20
U1024,USA,28,Prefer Not To Say,Premium,12.8,510,0.25,3.0,0,2022-05-15,2022,21-30
U1339,Brazil,18,Male,Family,9.7,511,0.25,3.0,0,2022-07-30,2022,0-20
U1589,South Africa,55,Male,Student,17.2,481,0.25,3.0,0,2024-05-31,2024,51-60
U1228,UK,59,Male,Student,19.3,464,0.2,4.0,0,2023-01-16,2023,51-60
U1495,Nepal,20,Female,Family,6.6,496,0.1,2.0,0,2024-01-01,2024,0-20
U1491,USA,36,Female,Student,13.2,479,0.3,1.0,0,2023-06-23,2023,31-40
U1637,UK,13,Male,Family,11.3,493,0.2,3.0,0,2022-05-11,2022,0-20
U1645,Nigeria,62,Female,Premium,12.5,478,0.2,4.0,0,2024-01-27,2024,60+
U1189,Ghana,43,Male,Premium,13.1,500,0.2,3.0,1,2023-12-18,2023,41-50
U1139,UK,27,Female,Family,5.4,441,0.1,5.0,1,2023-09-14,2023,21-30
U1458,UK,19,Female,Family,8.9,528,0.1,3.0,0,2024-03-29,2024,0-20
U1363,USA,13,Female,Student,11.0,509,0.1,3.0,0,2023-06-23,2023,0-20
U1364,USA,38,Female,Free,11.8,484,0.1,5.0,0,2022-08-30,2022,31-40
U1488,Nepal,59,Other,Student,11.7,495,0.1,1.0,0,2023-03-23,2023,51-60
U1581,South Africa,50,Male,Student,16.4,483,0.05,1.0,1,2023-01-06,2023,41-50
U1147,Brazil,50,Female,Student,13.0,479,0.25,3.0,0,2023-02-13,2023,41-50
U1355,UK,16,Male,Premium,14.4,482,0.3,3.0,0,2022-04-02,2022,0-20
U1419,South Africa,47,Male,Student,0.1,531,0.15,4.0,0,2023-09-22,2023,41-50
U1416,India,49,Female,Student,7.2,451,0.15,5.0,0,2023-04-17,2023,41-50
U1195,Ghana,16,Female,Premium,9.9,500,0.3,3.0,1,2022-09-02,2022,0-20
U1299,UK,56,Male,Free,4.9,475,0.2,4.0,1,2024-08-30,2024,51-60
U1392,Kenya,27,Female,Family,15.7,493,0.25,4.0,1,2022-02-24,2022,21-30
U1050,UK,45,Other,Student,11.4,475,0.15,5.0,0,2023-09-25,2023,41-50
U1190,UK,23,Female,Family,11.6,475,0.25,4.0,1,2022-07-22,2022,21-30
U1401,Ghana,62,Male,Family,13.0,475,0.15,2.0,0,2024-08-27,2024,60+
U1208,UK,30,Female,Family,2.8,494,0.2,4.0,0,2023-07-14,2023,21-30
U1051,India,32,Male,Student,6.0,513,0.25,5.0,0,2024-08-27,2024,31-40
U1012,India,47,Male,Family,5.8,549,0.25,3.0,0,2023-08-05,2023,41-50
U1008,Kenya,33,Female,Student,6.5,499,0.1,5.0,0,2023-10-13,2023,31-40
U1399,South Africa,17,Female,Student,11.1,511,0.05,2.0,0,2024-05-15,2024,0-20
U1468,Nigeria,42,Female,Family,11.7,477,0.2,3.0,0,2023-12-18,2023,41-50
U1278,Ghana,56,Prefer Not To Say,Family,14.5,531,0.25,4.0,0,2022-05-29,2022,51-60
U1166,USA,29,Male,Family,14.2,487,0.3,3.0,0,2023-04-22,2023,21-30
U1040,Kenya,20,Female,Student,2.6,516,0.15,3.0,1,2023-04-17,2023,0-20
U1121,USA,40,Female,Premium,7.7,475,0.15,3.0,0,2022-01-18,2022,31-40
U1328,India,49,Male,Premium,3.7,479,0.15,2.0,0,2022-12-12,2022,41-50
U1531,Brazil,45,Prefer Not To Say,Student,23.7,536,0.1,3.0,0,2023-07-08,2023,41-50
U1604,Brazil,40,Female,Premium,10.2,485,0.1,2.0,1,2023-11-23,2023,31-40
U1628,Kenya,41,Prefer Not To Say,Free,11.2,495,0.1,4.0,0,2023-04-17,2023,41-50
U1110,UK,58,Male,Student,11.4,496,0.2,4.0,1,2023-03-10,2023,51-60
U1482,Ghana,17,Female,Premium,13.7,499,0.3,5.0,1,2023-08-29,2023,0-20
U1348,South Africa,38,Other,Student,8.2,517,0.2,4.0,0,2022-11-02,2022,31-40
U1375,USA,62,Female,Family,7.9,511,0.2,4.0,0,2022-02-02,2022,60+
U1056,Ghana,25,Male,Premium,6.6,497,0.25,3.0,0,2023-03-26,2023,21-30
U1082,Nigeria,39,Male,Student,8.0,486,0.25,2.0,1,2024-04-18,2024,31-40
U1562,Nigeria,48,Male,Family,12.6,498,0.3,2.0,1,2024-05-24,2024,41-50
U1320,UK,42,Female,Free,15.1,512,0.25,3.0,0,2024-08-19,2024,41-50
U1486,Kenya,25,Other,Family,6.3,498,0.3,3.0,1,2023-09-14,2023,21-30
U1048,Ghana,29,Prefer Not To Say,Free,4.4,493,0.15,3.0,0,2024-05-26,2024,21-30
U1009,Brazil,23,Female,Free,8.8,494,0.15,3.0,1,2022-07-17,2022,21-30
U1337,UK,16,Female,Premium,10.3,498,0.3,4.0,0,2023-07-29,2023,0-20
U1360,UK,61,Female,Premium,16.5,510,0.2,4.0,0,2023-06-27,2023,60+
U1494,India,41,Other,Family,0.9,500,0.15,5.0,0,2023-06-14,2023,41-50
U1291,UK,48,Other,Student,5.4,528,0.2,3.0,0,2024-03-04,2024,41-50
U1662,UK,35,Male,Student,11.3,504,0.1,2.0,0,2022-05-13,2022,31-40
U1101,Kenya,49,Other,Family,11.0,486,0.1,3.0,0,2022-05-06,2022,41-50
U1130,South Africa,13,Female,Premium,11.4,492,0.25,1.0,0,2024-06-13,2024,0-20
U1316,UK,60,Male,Premium,7.9,533,0.2,2.0,0,2023-02-20,2023,51-60
U1175,USA,36,Female,Student,10.2,444,0.3,3.0,0,2022-12-26,2022,31-40
U1573,India,64,Female,Premium,6.3,504,0.2,5.0,1,2022-12-22,2022,60+
U1271,Kenya,40,Male,Family,17.0,500,0.1,4.0,0,2023-03-31,2023,31-40
U1519,Nigeria,20,Male,Family,1.0,541,0.15,3.0,1,2023-06-30,2023,0-20
U1060,India,30,Male,Premium,8.2,510,0.1,2.0,1,2023-04-14,2023,21-30
U1054,UK,60,Male,Family,5.2,491,0.1,2.0,0,2023-12-30,2023,51-60
U1132,UK,17,Female,Premium,6.1,551,0.1,3.0,0,2023-04-22,2023,0-20
U1342,Kenya,50,Male,Family,6.5,505,0.3,1.0,0,2022-12-24,2022,41-50
U1630,Kenya,57,Female,Premium,2.3,481,0.2,3.0,0,2023-10-11,2023,51-60
U1614,USA,34,Female,Student,19.5,533,0.05,2.0,0,2023-05-11,2023,31-40
U1032,UK,50,Male,Student,10.3,519,0.05,4.0,1,2023-11-22,2023,41-50
U1666,Kenya,19,Male,Family,6.7,526,0.05,1.0,0,2022-12-10,2022,0-20
U1065,South Africa,14,Female,Student,6.4,488,0.1,4.0,0,2022-01-01,2022,0-20
U1312,India,34,Male,Premium,10.4,469,0.3,2.0,1,2023-11-05,2023,31-40
U1620,UK,44,Male,Student,9.5,493,0.2,3.0,0,2024-07-21,2024,41-50
U1563,UK,35,Other,Family,9.2,491,0.05,3.0,0,2022-12-17,2022,31-40
U1156,India,63,Female,Family,12.9,530,0.15,4.0,0,2024-08-27,2024,60+
U1586,UK,46,Male,Student,5.3,524,0.1,3.0,0,2022-03-19,2022,41-50
U1248,Nepal,35,Other,Student,10.9,482,0.15,4.0,0,2023-11-30,2023,31-40
U1688,Ghana,58,Female,Student,9.3,502,0.1,3.0,1,2022-02-23,2022,51-60
U1063,Kenya,59,Male,Free,6.9,486,0.2,3.0,0,2023-12-04,2023,51-60
U1557,UK,58,Male,Premium,1.0,451,0.1,3.0,1,2023-05-21,2023,51-60
U1270,South Africa,49,Female,Family,9.0,486,0.2,3.0,0,2023-04-03,2023,41-50
U1198,UK,44,Male,Family,16.4,493,0.1,4.0,0,2022-01-23,2022,41-50
U1462,UK,64,Female,Student,11.0,505,0.15,5.0,0,2022-01-18,2022,60+
U1509,India,38,Male,Family,2.0,484,0.05,3.0,0,2022-10-28,2022,31-40
U1254,Brazil,26,Prefer Not To Say,Student,15.7,507,0.2,5.0,1,2022-11-07,2022,21-30
U1526,South Africa,38,Other,Premium,9.0,523,0.1,2.0,0,2023-01-31,2023,31-40
U1331,India,43,Prefer Not To Say,Student,20.1,457,0.2,5.0,1,2022-03-14,2022,41-50
U1288,USA,57,Female,Family,11.8,530,0.1,1.0,0,2023-01-29,2023,51-60
U1245,India,26,Male,Family,9.3,496,0.3,2.0,1,2022-02-11,2022,21-30
U1306,UK,38,Male,Family,14.4,504,0.1,4.0,0,2022-04-08,2022,31-40
U1560,Nigeria,38,Prefer Not To Say,Premium,17.6,505,0.25,4.0,0,2024-03-17,2024,31-40
U1062,USA,17,Male,Free,11.5,512,0.3,2.0,1,2024-01-31,2024,0-20
U1176,India,17,Other,Family,9.5,506,0.05,3.0,0,2023-05-02,2023,0-20
U1058,India,47,Male,Family,7.2,495,0.1,3.0,0,2023-01-12,2023,41-50
U1672,UK,35,Other,Student,11.3,481,0.3,5.0,0,2023-08-25,2023,31-40
U1333,South Africa,14,Female,Student,4.8,522,0.1,3.0,0,2023-06-09,2023,0-20
U1015,South Africa,30,Prefer Not To Say,Student,4.3,500,0.1,1.0,0,2023-05-20,2023,21-30
U1595,Kenya,64,Other,Family,15.9,495,0.2,4.0,0,2023-02-14,2023,60+
U1267,India,63,Female,Free,9.0,495,0.1,4.0,0,2024-02-23,2024,60+
U1650,South Africa,13,Prefer Not To Say,Premium,9.0,524,0.25,3.0,0,2022-02-07,2022,0-20
U1263,UK,57,Male,Family,13.9,491,0.1,4.0,1,2024-01-29,2024,51-60
U1042,Ghana,40,Male,Premium,8.1,484,0.2,3.0,0,2023-06-05,2023,31-40
U1223,UK,38,Prefer Not To Say,Student,5.8,484,0.3,4.0,1,2022-05-04,2022,31-40
U1671,USA,36,Male,Family,12.0,481,0.1,2.0,0,2022-07-16,2022,31-40
U1302,India,53,Female,Student,13.5,481,0.1,3.0,1,2022-07-11,2022,51-60
U1445,India,29,Male,Premium,14.2,508,0.1,5.0,0,2022-12-07,2022,21-30
U1157,India,46,Female,Family,10.7,485,0.1,4.0,0,2024-05-28,2024,41-50
U1151,USA,46,Female,Premium,8.9,546,0.1,3.0,1,2022-03-25,2022,41-50
U1544,UK,61,Female,Student,3.1,504,0.25,5.0,0,2024-08-20,2024,60+
U1351,UK,56,Male,Premium,9.8,505,0.25,3.0,1,2022-07-18,2022,51-60
U1142,UK,26,Prefer Not To Say,Family,7.1,505,0.2,2.0,1,2022-10-02,2022,21-30
U1083,India,61,Male,Family,9.9,501,0.1,4.0,0,2023-06-17,2023,60+
U1367,UK,49,Male,Free,12.7,511,0.15,1.0,0,2023-10-24,2023,41-50
U1141,UK,33,Male,Premium,16.1,505,0.05,3.0,1,2023-05-31,2023,31-40
U1569,India,59,Male,Family,13.8,492,0.05,3.0,0,2023-06-16,2023,51-60
U1678,Nigeria,45,Female,Student,11.2,498,0.1,3.0,1,2022-04-01,2022,41-50
U1577,India,64,Male,Premium,7.6,461,0.15,1.0,0,2022-01-29,2022,60+
U1244,South Africa,34,Prefer Not To Say,Free,5.8,496,0.1,3.0,0,2022-12-07,2022,31-40
U1539,UK,16,Prefer Not To Say,Family,0.8,496,0.1,3.0,1,2022-08-11,2022,0-20
U1441,USA,35,Female,Premium,3.4,499,0.1,5.0,0,2023-04-03,2023,31-40
U1619,India,13,Male,Premium,7.6,495,0.2,4.0,1,2022-12-03,2022,0-20
U1627,India,42,Prefer Not To Say,Premium,11.1,503,0.3,5.0,0,2022-03-04,2022,41-50
U1087,Ghana,53,Male,Premium,4.4,497,0.2,4.0,0,2024-08-12,2024,51-60
U1274,UK,29,Female,Family,11.0,494,0.2,5.0,0,2024-09-06,2024,21-30
U1475,India,49,Male,Student,13.9,480,0.3,3.0,0,2024-12-03,2024,41-50
U1550,USA,26,Male,Premium,14.6,457,0.25,3.0,0,2022-02-01,2022,21-30
U1105,USA,31,Male,Student,8.0,556,0.2,3.0,0,2024-11-04,2024,31-40
U1613,Kenya,32,Female,Family,16.4,495,0.1,5.0,0,2022-07-12,2022,31-40
U1409,UK,13,Female,Student,16.5,519,0.2,3.0,0,2023-10-11,2023,0-20
U1076,India,61,Male,Student,16.0,498,0.05,3.0,0,2023-02-15,2023,60+
U1075,Nigeria,59,Female,Premium,4.1,506,0.25,3.0,1,2022-03-08,2022,51-60
U1515,India,22,Prefer Not To Say,Student,10.5,487,0.05,3.0,0,2022-09-14,2022,21-30
U1072,UK,13,Male,Premium,9.4,492,0.15,3.0,1,2022-12-18,2022,0-20
U1380,UK,56,Female,Family,11.5,489,0.2,5.0,1,2022-12-21,2022,51-60
U1204,South Africa,63,Female,Student,7.4,450,0.15,3.0,0,2023-01-03,2023,60+
U1507,India,48,Male,Free,10.2,482,0.15,3.0,0,2023-04-07,2023,41-50
U1435,UK,52,Male,Student,13.9,471,0.2,3.0,0,2022-12-07,2022,51-60
U1212,Kenya,33,Male,Family,5.9,492,0.1,2.0,1,2024-06-30,2024,31-40
U1559,South Africa,33,Male,Family,8.5,507,0.15,1.0,1,2022-12-16,2022,31-40
U1093,Nigeria,40,Male,Student,9.8,460,0.1,5.0,0,2024-04-03,2024,31-40
U1003,South Africa,44,Prefer Not To Say,Student,11.8,525,0.05,4.0,0,2022-01-11,2022,41-50
U1109,UK,21,Female,Family,16.1,497,0.2,3.0,0,2023-01-31,2023,21-30
U1052,Ghana,25,Male,Student,12.7,467,0.2,5.0,0,2023-12-28,2023,21-30
U1290,UK,59,Male,Premium,5.8,500,0.1,4.0,0,2022-08-20,2022,51-60
U1275,Brazil,51,Other,Student,8.1,484,0.1,4.0,1,2023-04-06,2023,51-60
U1138,UK,35,Other,Student,11.4,500,0.25,3.0,0,2023-01-19,2023,31-40
U1520,UK,35,Male,Student,8.9,464,0.1,4.0,1,2023-08-11,2023,31-40
U1498,India,59,Female,Family,14.4,468,0.2,1.0,0,2023-10-02,2023,51-60
U1227,India,38,Female,Student,6.6,551,0.05,3.0,0,2023-06-05,2023,31-40
U1464,UK,59,Other,Student,14.4,503,0.1,4.0,1,2024-02-21,2024,51-60
U1235,Nepal,38,Prefer Not To Say,Premium,16.6,467,0.3,3.0,0,2024-08-31,2024,31-40
U1002,Brazil,57,Male,Family,7.4,524,0.15,1.0,1,2024-07-10,2024,51-60
U1135,Nepal,29,Male,Family,16.6,491,0.2,1.0,0,2022-03-13,2022,21-30
U1018,India,61,Female,Student,11.3,486,0.1,3.0,0,2023-02-13,2023,60+
U1669,India,13,Other,Family,4.1,505,0.1,4.0,1,2023-05-22,2023,0-20
U1280,Kenya,29,Prefer Not To Say,Free,11.8,486,0.2,4.0,0,2023-12-15,2023,21-30
U1413,Nigeria,20,Female,Free,15.0,505,0.1,3.0,0,2023-09-20,2023,0-20
U1209,Nigeria,40,Other,Student,4.5,520,0.05,3.0,0,2022-03-16,2022,31-40
U1127,UK,15,Male,Family,15.8,465,0.3,4.0,1,2022-04-22,2022,0-20
U1185,Ghana,63,Female,Premium,15.4,522,0.1,3.0,0,2023-10-08,2023,60+
U1030,USA,28,Other,Premium,4.8,522,0.05,3.0,0,2023-04-01,2023,21-30
U1309,Brazil,18,Female,Premium,12.8,476,0.3,3.0,1,2023-09-04,2023,0-20
U1417,India,26,Male,Free,7.9,495,0.2,2.0,0,2022-01-15,2022,21-30
U1676,Brazil,15,Female,Premium,13.2,490,0.05,2.0,0,2023-01-11,2023,0-20
U1238,Kenya,20,Male,Family,14.7,506,0.15,3.0,0,2022-08-15,2022,0-20
U1019,UK,26,Male,Student,10.0,485,0.3,3.0,0,2023-05-31,2023,21-30
U1273,South Africa,51,Female,Premium,9.7,467,0.05,4.0,1,2023-02-26,2023,51-60
U1252,Ghana,57,Female,Premium,8.3,483,0.3,3.0,0,2022-05-20,2022,51-60
U1330,India,36,Prefer Not To Say,Family,7.8,503,0.05,3.0,0,2022-11-25,2022,31-40
U1449,India,26,Male,Student,10.8,495,0.1,3.0,0,2023-01-04,2023,21-30
U1463,South Africa,27,Female,Premium,11.6,509,0.2,2.0,0,2023-12-30,2023,21-30
U1556,Kenya,13,Other,Premium,5.8,490,0.25,3.0,1,2024-03-09,2024,0-20
U1395,Nigeria,47,Male,Premium,8.7,502,0.15,4.0,0,2023-01-08,2023,41-50
U1549,Brazil,41,Prefer Not To Say,Student,17.7,498,0.1,3.0,0,2022-11-24,2022,41-50
U1269,UK,37,Female,Student,12.0,456,0.05,2.0,0,2022-11-05,2022,31-40
U1137,UK,59,Prefer Not To Say,Family,7.5,538,0.1,2.0,1,2024-04-21,2024,51-60
U1381,UK,14,Female,Premium,13.8,522,0.25,4.0,1,2022-09-18,2022,0-20
U1131,India,56,Other,Premium,6.5,517,0.05,2.0,0,2022-01-17,2022,51-60
U1438,Nepal,63,Other,Premium,0.3,522,0.1,4.0,0,2023-10-13,2023,60+
U1329,UK,48,Male,Student,9.7,530,0.1,1.0,0,2023-05-15,2023,41-50
U1104,UK,22,Female,Premium,2.0,497,0.25,5.0,0,2023-07-12,2023,21-30
U1420,USA,33,Male,Free,13.8,480,0.2,5.0,0,2023-11-08,2023,31-40
U1155,India,39,Female,Premium,0.3,510,0.1,3.0,1,2024-03-07,2024,31-40
U1377,India,17,Male,Free,12.4,488,0.05,4.0,1,2024-06-21,2024,0-20
U1679,UK,40,Other,Free,2.1,462,0.25,1.0,0,2022-06-06,2022,31-40
U1095,USA,17,Female,Free,5.7,472,0.2,4.0,0,2023-09-30,2023,0-20
U1229,UK,34,Prefer Not To Say,Free,19.4,508,0.25,1.0,0,2022-08-04,2022,31-40
U1111,South Africa,13,Male,Premium,14.0,475,0.25,4.0,0,2023-05-11,2023,0-20
U1296,Kenya,20,Male,Family,10.5,513,0.1,5.0,0,2022-03-15,2022,0-20
U1455,Kenya,18,Female,Family,9.7,499,0.1,3.0,1,2022-08-22,2022,0-20
U1481,Nepal,22,Female,Family,11.1,490,0.2,4.0,0,2022-11-19,2022,21-30
U1693,Ghana,49,Female,Family,8.8,509,0.1,3.0,1,2024-08-09,2024,41-50
U1415,Ghana,53,Male,Student,5.8,506,0.3,3.0,1,2022-11-23,2022,51-60
U1084,South Africa,25,Male,Free,14.3,492,0.3,2.0,1,2023-04-24,2023,21-30
U1680,Kenya,59,Female,Student,23.6,495,0.05,2.0,1,2023-07-31,2023,51-60
U1418,UK,42,Male,Family,6.7,507,0.25,5.0,0,2024-07-02,2024,41-50
U1588,Kenya,29,Male,Family,8.7,530,0.1,3.0,0,2024-04-05,2024,21-30
U1667,Ghana,41,Female,Premium,14.4,512,0.2,4.0,0,2022-07-05,2022,41-50
U1584,UK,30,Male,Student,19.2,458,0.3,4.0,0,2023-07-21,2023,21-30
U1143,India,14,Prefer Not To Say,Premium,10.2,518,0.1,4.0,0,2024-03-03,2024,0-20
U1524,India,55,Male,Premium,5.5,517,0.05,4.0,0,2023-10-25,2023,51-60
U1046,Kenya,48,Female,Free,1.0,562,0.3,5.0,0,2022-06-02,2022,41-50
U1022,Nepal,13,Female,Family,7.8,498,0.3,5.0,0,2022-12-05,2022,0-20
